{"cameraMode":{"drawMode":0,"name":"Shaded","section":"Shading Mode"},"sceneLighting":true,"audioPlay":false,"sceneViewState":{"showFog":true,"showMaterialUpdate":false,"showSkybox":true,"showFlares":true,"showImageEffects":true,"showParticleSystems":true},"in2DMode":false,"pivot":{"x":0.0035164952278137209,"y":0.3024328947067261,"z":-5.049535274505615},"rotation":{"x":-0.12110281735658646,"y":-0.3927762806415558,"z":0.052346572279930118,"w":-0.9101837873458862},"size":0.374370276927948,"orthographic":false}